filename,coverage_percentage
SP Over NB 09-05-25 Stn-1---2.tif,82.4
SP Over NB 09-05-25 Stn-2---2.tif,74.1
SP Over NB 09-05-25 Stn-3---2.tif,88.7
SP Over NB 09-05-25 Stn-4---2.tif,68.5
SP Over NB 14-02-26 Stn-1-3.tif,91.8
SP Over NB 14-02-26 Stn-2-3.tif,85.2
SP Over NB 14-02-26 Stn-3-3.tif,78.9
SP Over NB 14-02-26 Stn-4-3.tif,94.3
SP Over NB 18-07-26 Stn-1-3.tif,62.0
SP Over NB 18-07-26 Stn-2-3.tif,71.5
SP Over NB 18-07-26 Stn-3-3.tif,80.4
SP Over NB 18-07-26 Stn-4-3.tif,86.1
SP Over NB 27-07-26 Stn-1-3.tif,95.5
SP Over NB 27-07-26 Stn-2-3.tif,89.0
SP Over NB 27-07-26 Stn-3-3.tif,77.3
SP Over NB 27-07-26 Stn-4-3.tif,83.6
